{"cameraMode":{"drawMode":0,"name":"Shaded","section":"Shading Mode"},"sceneLighting":false,"audioPlay":false,"sceneViewState":{"m_AlwaysRefresh":false,"showFog":true,"showSkybox":false,"showFlares":true,"showImageEffects":true,"showParticleSystems":true,"showVisualEffectGraphs":true,"m_FxEnabled":true},"in2DMode":false,"pivot":{"x":-22.760000228881837,"y":1.6999998092651368,"z":0.039999961853027347},"rotation":{"x":-0.16251665353775025,"y":-0.6822990775108337,"z":0.15961873531341554,"w":-0.6946853399276733},"size":12.12435531616211,"orthographic":false}